<?xml version="1.0" encoding="UTF-8" standalone="no"?>
<Alerts>
    <Alert CRITICALITY="CRITICAL" Id="100" NOOFOCCURRENCE="0" NOTIFINTERVAL="0" Name="nginx.1_0.alerts.possible_sql_injection_attempt" I18N="true" STATUS="false" TRIGGERTIME="0" TYPE="CUSTOM">
        <jsonAlertCustomCriteria Id="101">{"isArr":true,"logic":111,"crit":[{"logic":111,"isArr":false,"key":"HOSTTYPE","condi":1,"type":103,"value":"Nginx"},{"isArr":true,"logic":111,"crit":[{"logic":111,"isArr":false,"key":"CONNECT_URI","condi":4,"type":102,"value":"union"},{"logic":100,"isArr":false,"key":"CONNECT_URI","condi":4,"type":102,"value":"sleep"},{"logic":100,"isArr":false,"key":"CONNECT_URI","condi":4,"type":102,"value":"select"},{"logic":100,"isArr":false,"key":"CONNECT_URI","condi":4,"type":102,"value":"1=1"}]}]}</jsonAlertCustomCriteria>
        <jsonAlertText Id="102">{}</jsonAlertText>
        <formatMessage Id="103">URI: %CONNECT_URI% Bytes Transfered: %SENT_BYTES_I% Source IP: %CLIENTIP% Status: %HTTPSTATUS%</formatMessage>
    </Alert>
    <Alert CRITICALITY="CRITICAL" Id="200" NOOFOCCURRENCE="0" NOTIFINTERVAL="0" Name="nginx.1_0.alerts.possible_cross_site_scripting_xss" I18N="true" STATUS="false" TRIGGERTIME="0" TYPE="CUSTOM">
        <jsonAlertCustomCriteria Id="201">{"crit":[{"crit":[{"condi":4,"logic":111,"isArr":false,"type":102,"value":"&lt;script&gt;","key":"CONNECT_URI"},{"condi":4,"logic":100,"isArr":false,"type":102,"value":"onerror=","key":"CONNECT_URI"},{"condi":4,"logic":100,"isArr":false,"type":102,"value":"javascript:","key":"CONNECT_URI"},{"condi":4,"logic":100,"isArr":false,"type":102,"value":" alert ","key":"CONNECT_URI"}],"isArr":true,"logic":111},{"condi":1,"logic":111,"isArr":false,"type":103,"value":"Nginx","key":"HOSTTYPE"}],"isArr":true,"logic":111}</jsonAlertCustomCriteria>
        <jsonAlertText Id="202">{}</jsonAlertText>
        <formatMessage Id="203">URI: %CONNECT_URI% Bytes Transfered: %SENT_BYTES_I% Source IP: %CLIENTIP% Status: %HTTPSTATUS%</formatMessage>
    </Alert>
    <Alert CRITICALITY="CRITICAL" Id="300" NOOFOCCURRENCE="0" NOTIFINTERVAL="0" Name="nginx.1_0.alerts.possible_directory_traversal_attempt" I18N="true" STATUS="false" TRIGGERTIME="0" TYPE="CUSTOM">
        <jsonAlertCustomCriteria Id="301">{"crit":[{"crit":[{"condi":1,"isArr":false,"logic":111,"type":102,"value":"Nginx","key":"HOSTTYPE"},{"crit":[{"condi":4,"isArr":false,"logic":111,"type":102,"value":"../","key":"CONNECT_URI"},{"condi":4,"isArr":false,"logic":100,"type":102,"value":"%2e%2e/","key":"CONNECT_URI"},{"condi":4,"isArr":false,"logic":100,"type":102,"value":"/etc/passwd","key":"CONNECT_URI"}],"isArr":true,"logic":111}],"isArr":true,"logic":111}],"isArr":true,"logic":111}</jsonAlertCustomCriteria>
        <jsonAlertText Id="302">{}</jsonAlertText>
        <formatMessage Id="303">URI: %CONNECT_URI% FilePath: %FILEPATH% Bytes Transfered: %SENT_BYTES_I% Source IP: %CLIENTIP% Status: %HTTPSTATUS%</formatMessage>
    </Alert>
    <Alert CRITICALITY="CRITICAL" Id="400" NOOFOCCURRENCE="10" NOTIFINTERVAL="5" Name="nginx.1_0.alerts.potential_web_server_failure" I18N="true" STATUS="false" TRIGGERTIME="0" TYPE="CUSTOM">
        <jsonAlertCustomCriteria Id="401">{"crit":[{"crit":[{"condi":11,"isArr":false,"logic":111,"type":101,"value":"600","key":"HTTPSTATUS"},{"condi":12,"isArr":false,"logic":111,"type":101,"value":"499","key":"HTTPSTATUS"},{"crit":[{"condi":1,"isArr":false,"logic":111,"type":102,"value":"Nginx","key":"HOSTTYPE"}],"isArr":true,"logic":111}],"isArr":true,"logic":111}],"isArr":true,"logic":111}</jsonAlertCustomCriteria>
        <jsonAlertText Id="402">{}</jsonAlertText>
        <formatMessage Id="403">URI: %CONNECT_URI% Bytes Transfered: %SENT_BYTES_I% Source IP: %CLIENTIP% Status: %HTTPSTATUS% Failure Reason: %FAILUREREASON%</formatMessage>
    </Alert>
</Alerts>