<?xml version="1.0" encoding="UTF-8" standalone="no"?>
<correlation>
    <ActionCategory category_id ="1" display_name="nginx.1_0.correlation.categories.action.nginx_web_server_events" format="NGINX" format_type="extension"/>
    <Action category_id ="1" action_id="1" name="nginx.1_0.correlation.action.nginx_ssl_handshake_failure" description="nginx.1_0.correlation.descriptions.action.nginx_ssl_handshake_failure" expression_name="jsonAlertCustomCriteria" expression_value='{"crit":[{"crit":[{"condi":1,"isArr":false,"logic":111,"type":102,"value":"ssl failure report","key":"IENAME"},{"condi":1,"isArr":false,"logic":111,"type":102,"value":"Nginx","key":"HOSTTYPE"}],"isArr":true,"logic":111}],"isArr":true,"logic":111}'>
        <FieldsForAction field="CONNECT_URI" description="Connect Request URI" display_name="connect_uri" is_advanced="true"/>
        <FieldsForAction field="CONNECTION" description="Session ID" display_name="connection" is_advanced="true"/>
        <FieldsForAction field="HTTPSTATUS" description="HTTP Status" display_name="httpstatus" is_advanced="true"/>
        <FieldsForAction field="REFERRER" description="Referrer" display_name="referrer" is_advanced="true"/>
        <FieldsForAction field="VIRTUALSERVER" description="Virtual Server" display_name="virtualserver" is_advanced="true"/>
        <FieldsForAction field="MESSAGE" description="Message" display_name="message" is_advanced="true"/>
        <FieldsForAction field="HOSTNAME" description="hostname" display_name="hostname" is_advanced="true"/>
        <FieldsForAction field="CLIENTIP" description="clientip" display_name="clientip" is_advanced="true"/>
        <FieldsForAction field="CLIENTPORT" description="clientport" display_name="clientport" is_advanced="true"/>
        <FieldsForAction field="USERNAME" description="username" display_name="username" is_advanced="true"/>
        <FieldsForAction field="USERAGENT" description="useragent" display_name="useragent" is_advanced="true"/>
        <FieldsForAction field="HTTPMETHOD" description="httpmethod" display_name="httpmethod" is_advanced="true"/>
        <FieldsForAction field="PROTOCOL" description="protocol" display_name="protocol" is_advanced="true"/>
        <FieldsForAction field="SERVER" description="server" display_name="server" is_advanced="true"/>
        <FieldsForAction field="S_IP" description="s_ip" display_name="s_ip" is_advanced="true"/>
    </Action>
    <Action category_id ="1" action_id="2" name="nginx.1_0.correlation.action.nginx_server_error_requests" description="nginx.1_0.correlation.descriptions.action.nginx_server_error_requests" expression_name="jsonAlertCustomCriteria" expression_value='{"crit":[{"crit":[{"condi":11,"isArr":false,"logic":111,"type":101,"value":"600","key":"HTTPSTATUS"},{"condi":12,"isArr":false,"logic":111,"type":101,"value":"499","key":"HTTPSTATUS"},{"crit":[{"condi":1,"isArr":false,"logic":111,"type":102,"value":"Nginx","key":"HOSTTYPE"}],"isArr":true,"logic":111}],"isArr":true,"logic":111}],"isArr":true,"logic":111}'>
        <FieldsForAction field="CONNECT_URI" description="Connect Request URI" display_name="connect_uri" is_advanced="true"/>
        <FieldsForAction field="CONNECTION" description="Session ID" display_name="connection" is_advanced="true"/>
        <FieldsForAction field="HTTPSTATUS" description="HTTP Status" display_name="httpstatus" is_advanced="true"/>
        <FieldsForAction field="REFERRER" description="Referrer" display_name="referrer" is_advanced="true"/>
        <FieldsForAction field="VIRTUALSERVER" description="Virtual Server" display_name="virtualserver" is_advanced="true"/>
        <FieldsForAction field="MESSAGE" description="Message" display_name="message" is_advanced="true"/>
        <FieldsForAction field="HOSTNAME" description="hostname" display_name="hostname" is_advanced="true"/>
        <FieldsForAction field="CLIENTIP" description="clientip" display_name="clientip" is_advanced="true"/>
        <FieldsForAction field="CLIENTPORT" description="clientport" display_name="clientport" is_advanced="true"/>
        <FieldsForAction field="USERNAME" description="username" display_name="username" is_advanced="true"/>
        <FieldsForAction field="USERAGENT" description="useragent" display_name="useragent" is_advanced="true"/>
        <FieldsForAction field="HTTPMETHOD" description="httpmethod" display_name="httpmethod" is_advanced="true"/>
        <FieldsForAction field="PROTOCOL" description="protocol" display_name="protocol" is_advanced="true"/>
        <FieldsForAction field="SERVER" description="server" display_name="server" is_advanced="true"/>
        <FieldsForAction field="S_IP" description="s_ip" display_name="s_ip" is_advanced="true"/>

    </Action>
    <Action category_id ="1" action_id="3" name="nginx.1_0.correlation.action.nginx_client_error_requests" description="nginx.1_0.correlation.descriptions.action.nginx_client_error_requests" expression_name="jsonAlertCustomCriteria" expression_value='{"crit":[{"crit":[{"condi":11,"isArr":false,"logic":111,"type":101,"value":"500","key":"HTTPSTATUS"},{"condi":12,"isArr":false,"logic":111,"type":101,"value":"399","key":"HTTPSTATUS"},{"crit":[{"condi":1,"isArr":false,"logic":111,"type":102,"value":"Nginx","key":"HOSTTYPE"}],"isArr":true,"logic":111}],"isArr":true,"logic":111}],"isArr":true,"logic":111}'>
        <FieldsForAction field="CONNECT_URI" description="Connect Request URI" display_name="connect_uri" is_advanced="true"/>
        <FieldsForAction field="CONNECTION" description="Session ID" display_name="connection" is_advanced="true"/>
        <FieldsForAction field="HTTPSTATUS" description="HTTP Status" display_name="httpstatus" is_advanced="true"/>
        <FieldsForAction field="REFERRER" description="Referrer" display_name="referrer" is_advanced="true"/>
        <FieldsForAction field="VIRTUALSERVER" description="Virtual Server" display_name="virtualserver" is_advanced="true"/>
        <FieldsForAction field="MESSAGE" description="Message" display_name="message" is_advanced="true"/>
        <FieldsForAction field="HOSTNAME" description="hostname" display_name="hostname" is_advanced="true"/>
        <FieldsForAction field="CLIENTIP" description="clientip" display_name="clientip" is_advanced="true"/>
        <FieldsForAction field="CLIENTPORT" description="clientport" display_name="clientport" is_advanced="true"/>
        <FieldsForAction field="USERNAME" description="username" display_name="username" is_advanced="true"/>
        <FieldsForAction field="USERAGENT" description="useragent" display_name="useragent" is_advanced="true"/>
        <FieldsForAction field="HTTPMETHOD" description="httpmethod" display_name="httpmethod" is_advanced="true"/>
        <FieldsForAction field="PROTOCOL" description="protocol" display_name="protocol" is_advanced="true"/>
        <FieldsForAction field="SERVER" description="server" display_name="server" is_advanced="true"/>
        <FieldsForAction field="S_IP" description="s_ip" display_name="s_ip" is_advanced="true"/>

    </Action>
	<Action category_id ="1" action_id="4" name="nginx.1_0.correlation.action.nginx_success_requests" description="nginx.1_0.correlation.descriptions.action.nginx_success_requests" expression_name="jsonAlertCustomCriteria" expression_value='{"crit":[{"crit":[{"condi":11,"isArr":false,"logic":111,"type":101,"value":"300","key":"HTTPSTATUS"},{"condi":12,"isArr":false,"logic":111,"type":101,"value":"199","key":"HTTPSTATUS"},{"crit":[{"condi":1,"isArr":false,"logic":111,"type":102,"value":"Nginx","key":"HOSTTYPE"}],"isArr":true,"logic":111}],"isArr":true,"logic":111}],"isArr":true,"logic":111}'>
        <FieldsForAction field="CONNECT_URI" description="Connect Request URI" display_name="connect_uri" is_advanced="true"/>
        <FieldsForAction field="CONNECTION" description="Session ID" display_name="connection" is_advanced="true"/>
        <FieldsForAction field="HTTPSTATUS" description="HTTP Status" display_name="httpstatus" is_advanced="true"/>
        <FieldsForAction field="REFERRER" description="Referrer" display_name="referrer" is_advanced="true"/>
        <FieldsForAction field="VIRTUALSERVER" description="Virtual Server" display_name="virtualserver" is_advanced="true"/>
        <FieldsForAction field="REQUEST_PROCESSING_TIME" description="Virtual Server" display_name="request_processing_time" is_advanced="true"/>
        <FieldsForAction field="SENT_BYTES_I" description="Sent Bytes" display_name="sent_bytes_i" is_advanced="true"/>
        <FieldsForAction field="MESSAGE" description="Message" display_name="message" is_advanced="true"/>
        <FieldsForAction field="HOSTNAME" description="hostname" display_name="hostname" is_advanced="true"/>
        <FieldsForAction field="CLIENTIP" description="clientip" display_name="clientip" is_advanced="true"/>
        <FieldsForAction field="CLIENTPORT" description="clientport" display_name="clientport" is_advanced="true"/>
        <FieldsForAction field="USERNAME" description="username" display_name="username" is_advanced="true"/>
        <FieldsForAction field="USERAGENT" description="useragent" display_name="useragent" is_advanced="true"/>
        <FieldsForAction field="HTTPMETHOD" description="httpmethod" display_name="httpmethod" is_advanced="true"/>
        <FieldsForAction field="PROTOCOL" description="protocol" display_name="protocol" is_advanced="true"/>
        <FieldsForAction field="SERVER" description="server" display_name="server" is_advanced="true"/>
        <FieldsForAction field="S_IP" description="s_ip" display_name="s_ip" is_advanced="true"/>

    </Action>
    <Action category_id ="1" action_id="5" name="nginx.1_0.correlation.action.nginx_all_requests" description="nginx.1_0.correlation.descriptions.action.nginx_all_requests" expression_name="jsonAlertCustomCriteria" expression_value='{"crit":[{"crit":[{"condi":2,"isArr":false,"logic":111,"type":102,"value":"error logs","key":"IENAME"},{"condi":1,"isArr":false,"logic":111,"type":102,"value":"Nginx","key":"HOSTTYPE"}],"isArr":true,"logic":111}],"isArr":true,"logic":111}'>
        <FieldsForAction field="CONNECTION" description="Session ID" display_name="connection" is_advanced="true"/>
        <FieldsForAction field="CONNECT_URI" description="Connect Request URI" display_name="connect_uri" is_advanced="true"/>
        <FieldsForAction field="REFERRER" description="Referrer" display_name="referrer" is_advanced="true"/>
        <FieldsForAction field="VIRTUALSERVER" description="Virtual Server" display_name="virtualserver" is_advanced="true"/>
        <FieldsForAction field="REQUEST_PROCESSING_TIME" description="Virtual Server" display_name="request_processing_time" is_advanced="true"/>
        <FieldsForAction field="SENT_BYTES_I" description="Sent Bytes" display_name="sent_bytes_i" is_advanced="true"/>
        <FieldsForAction field="HTTPSTATUS" description="HTTP Status" display_name="httpstatus" is_advanced="true"/>
        <FieldsForAction field="MESSAGE" description="Message" display_name="message" is_advanced="true"/>
        <FieldsForAction field="HOSTNAME" description="hostname" display_name="hostname" is_advanced="true"/>
        <FieldsForAction field="CLIENTIP" description="clientip" display_name="clientip" is_advanced="true"/>
        <FieldsForAction field="CLIENTPORT" description="clientport" display_name="clientport" is_advanced="true"/>
        <FieldsForAction field="USERNAME" description="username" display_name="username" is_advanced="true"/>
        <FieldsForAction field="USERAGENT" description="useragent" display_name="useragent" is_advanced="true"/>
        <FieldsForAction field="HTTPMETHOD" description="httpmethod" display_name="httpmethod" is_advanced="true"/>
        <FieldsForAction field="PROTOCOL" description="protocol" display_name="protocol" is_advanced="true"/>
        <FieldsForAction field="SERVER" description="server" display_name="server" is_advanced="true"/>
        <FieldsForAction field="S_IP" description="s_ip" display_name="s_ip" is_advanced="true"/>

    </Action>
    <Action category_id ="1" action_id="6" name="nginx.1_0.correlation.action.nginx_files_accessed" description="nginx.1_0.correlation.descriptions.action.nginx_files_accessed" expression_name="jsonAlertCustomCriteria" expression_value='{"crit":[{"crit":[{"condi":21,"isArr":false,"logic":111,"type":102,"value":"error logs","key":"FILEPATH"},{"condi":1,"isArr":false,"logic":111,"type":102,"value":"Nginx","key":"HOSTTYPE"}],"isArr":true,"logic":111}],"isArr":true,"logic":111}'>
        <FieldsForAction field="HTTPSTATUS" description="HTTP Status" display_name="httpstatus" is_advanced="true"/>
        <FieldsForAction field="CONNECTION" description="Session ID" display_name="connection" is_advanced="true"/>
        <FieldsForAction field="FILENAME" description="File Name" display_name="filename" is_advanced="true"/>
        <FieldsForAction field="FILETYPE" description="File Type" display_name="filetype" is_advanced="true"/>
        <FieldsForAction field="FILEPATH" description="File Path" display_name="filepath" is_advanced="true"/>
        <FieldsForAction field="SENT_BYTES_I" description="Sent Bytes" display_name="sent_bytes_i" is_advanced="true"/>
        <FieldsForAction field="REFERRER" description="Referrer" display_name="referrer" is_advanced="true"/>
        <FieldsForAction field="VIRTUALSERVER" description="Virtual Server" display_name="virtualserver" is_advanced="true"/>
        <FieldsForAction field="MESSAGE" description="Message" display_name="message" is_advanced="true"/>
        <FieldsForAction field="HOSTNAME" description="hostname" display_name="hostname" is_advanced="true"/>
        <FieldsForAction field="CLIENTIP" description="clientip" display_name="clientip" is_advanced="true"/>
        <FieldsForAction field="CLIENTPORT" description="clientport" display_name="clientport" is_advanced="true"/>
        <FieldsForAction field="USERNAME" description="username" display_name="username" is_advanced="true"/>
        <FieldsForAction field="USERAGENT" description="useragent" display_name="useragent" is_advanced="true"/>
        <FieldsForAction field="HTTPMETHOD" description="httpmethod" display_name="httpmethod" is_advanced="true"/>
        <FieldsForAction field="PROTOCOL" description="protocol" display_name="protocol" is_advanced="true"/>
        <FieldsForAction field="SERVER" description="server" display_name="server" is_advanced="true"/>
        <FieldsForAction field="S_IP" description="s_ip" display_name="s_ip" is_advanced="true"/>

    </Action>
</correlation>