<parser>

    <lookup-group field="FailureReason">
        <lookup field="495" value="An error has occured during the client certificate verification"/>
        <lookup field="496" value="A client has not presented the required certificate"/>
        <lookup field="497" value="A regular Request has been sent to the HTTPS port"/>
        <lookup field="401" value="HTTP unauthorised"/>
        <lookup field="400" value="HTTP bad request"/>
        <lookup field="402" value="HTTP payment required"/>
        <lookup field="403" value="Site Access Denied"/>
        <lookup field="404" value="HTTP server not found"/>
        <lookup field="408" value="HTTP request timed out"/>
        <lookup field="414" value="HTTP req URI too large"/>
        <lookup field="413" value="HTTP req entity too large"/>
        <lookup field="417" value="HTTP Expectation Failed"/>
        <lookup field="415" value="HTTP Unsupported Media Type"/>
        <lookup field="423" value="HTTP Locked Error"/>
        <lookup field="502" value="HTTP Bad Gateway"/>
        <lookup field="500" value="HTTP Internal Server Error"/>
        <lookup field="503" value="Service Unavailable"/>
        <lookup field="504" value="HTTP Gateway Timeout"/>
    </lookup-group>

    <lookup-group field="month">
        <lookup field="Jan" value="1" />
        <lookup field="Feb" value="2" />
        <lookup field="Mar" value="3" />
        <lookup field="Apr" value="4" />
        <lookup field="May" value="5" />
        <lookup field="Jun" value="6" />
        <lookup field="Jul" value="7" />
        <lookup field="Aug" value="8" />
        <lookup field="Sep" value="9" />
        <lookup field="Oct" value="10" />
        <lookup field="Nov" value="11" />
        <lookup field="Dec" value="12" />
    </lookup-group>

    <logformat id="1" name="Nginx" description="Nginx" supported="agent,file_import">
        <rules language="en_US">

            <key-rule id="1" name="Error Logs" priority="1" regex="((\d{4})\/(\d{1,2})\/(\d{1,2})\s+(\d{1,2}):(\d{1,2}):(\d{1,2})\s+\[([^\]]+)\]\s+\d*?#\d*?:\s+?(.*))">
                <group number="1" field="MESSAGE"/>
                <group number="2" field="YEAR"/>
                <group number="3" field="MONTH" lookup="month"/>
                <group number="4" field="DATE"/>
                <group number="5" field="HOUR"/>
                <group number="6" field="MINUTES"/>
                <group number="7" field="SECONDS"/>
                <group number="8" field="OBJECT"/>
                <group number="9" field="DESCRIPTION"/>
                <assign field="IENAME" value="Error Logs" type="open"/>
            </key-rule>

            <key-rule id="2" name="Access Logs (Default 'Combined' Format)" priority="2" regex="((\d{1,3}.\d{1,3}.\d{1,3}.\d{1,3})\s-\s(.*?)\s\[(\d{1,2})\/(\w{3})\/(\d{4}):(\d{1,2}):(\d{1,2}):(\d{1,2})\s[+-]\d{4}\]\s&quot;([^\s]+)\s(\/[^\s]*)\s([^&quot;]+)&quot;\s(\d{3})\s([^\s]+|-)\s&quot;([^&quot;]+)&quot;\s&quot;([^&quot;]+)&quot;)">
                <group number="1" field="MESSAGE"/>
                <group number="2" field="CLIENTIP"/>
                <group number="3" field="USERNAME"/>
                <group number="4" field="DATE"/>
                <group number="5" field="MONTH" lookup="month"/>
                <group number="6" field="YEAR" />
                <group number="7" field="HOUR" />
                <group number="8" field="MINUTES" />
                <group number="9" field="SECONDS" />
                <group number="10" field="HTTPMETHOD" />
                <group number="11" field="CONNECT_URI" />
                <group number="12" field="PROTOCOL" />
                <group number="13" field="HTTPSTATUS" />
                <group number="14" field="SENT_BYTES_I" />
                <group number="15" field="REFERRER" />
                <group number="16" field="USERAGENT" />
            </key-rule>

            <key-rule id="3" name="Access Logs (Custom Format) Syslog" priority="3" regex="\w{3}\s\d{1,2}\s\d{1,2}:\d{1,2}:\d{1,2}\s[^\s]+\snginx:\s(.*(request=&quot;[^\s]+\s\/[^\s]*\s[^&quot;]+&quot;|(upstresam_addr|upstream_status|upstream_response_time=&quot;[^&quot;]+&quot;)).*)">
                <group number="1" field="MESSAGE" />
            </key-rule>

            <key-rule id="4" name="Access Logs Custom Format" priority="4" regex="(.*(request=&quot;[^\s]+\s\/[^\s]*\s[^&quot;]+&quot;|(upstresam_addr|upstream_status|upstream_response_time=&quot;[^&quot;]+&quot;)).*)">
                <group number="1" field="MESSAGE"/>
            </key-rule>

            <nonskip-rule id="5" name="time local" regex="\btime_local=&quot;(\d{1,2})\/(\w{3})\/(\d{4}):(\d{1,2}):(\d{1,2}):(\d{1,2})\s[+-]\d{4}&quot;">
                <group number="1" field="DATE"/>
                <group number="2" field="MONTH" lookup="month"/>
                <group number="3" field="YEAR" />
                <group number="4" field="HOUR" />
                <group number="5" field="MINUTES" />
                <group number="6" field="SECONDS" />
            </nonskip-rule>

            <nonskip-rule id="6" name="connection" regex="\bconnection=&quot;([\d]+)&quot;">
                <group number="1" field="CONNECTION"/>
            </nonskip-rule>

            <nonskip-rule id="7" name="Real remote IP address" regex="\brealip_remote_addr=&quot;(\d{1,3}.\d{1,3}.\d{1,3}.\d{1,3})&quot;">
                <group number="1" field="ORIGINALCLIENTIP"/>
            </nonskip-rule>

            <nonskip-rule id="8" name="Remote Address" regex="\bremote_addr=&quot;(\d{1,3}.\d{1,3}.\d{1,3}.\d{1,3})&quot;">
                <group number="1" field="CLIENTIP"/>
            </nonskip-rule>

            <nonskip-rule id="9" name="host" regex="\bhost=&quot;([^&quot;]+)&quot;">
                <group number="1" field="SOURCEHOST"/>
            </nonskip-rule>

            <nonskip-rule id="10" name="Remote Port" regex="\bremote_port=&quot;(\d{1,5})&quot;">
                <group number="1" field="CLIENTPORT"/>
            </nonskip-rule>

            <nonskip-rule id="11" name="Remote User" regex="\bremote_user=&quot;([^&quot;]+)&quot;">
                <group number="1" field="USERNAME"/>
            </nonskip-rule>

            <nonskip-rule id="12" name="Server Address" regex="\bserver_addr=&quot;(\d{1,3}.\d{1,3}.\d{1,3}.\d{1,3})&quot;" priority="10">
                <group number="1" field="S_IP"/>
                <group number="1" field="VIRTUALSERVER"/>
                <assign field="FUNCTIONNAME" from_field="USERNAME" type="overwrite" />
            </nonskip-rule>

            <nonskip-rule id="13" name="Server Name" regex="\bserver_name=&quot;([^&quot;]+)&quot;" priority="9">
                <group number="1" field="SERVER"/>
                <group number="1" field="VIRTUALSERVER"/>
                <assign field="FILE_TRANSFER" from_field="SERVER" type="overwrite" />
            </nonskip-rule>

            <nonskip-rule id="14" name="Server Port" regex="\bserver_port=&quot;(\d{1,5})&quot;" priority="8">
                <group number="1" field="PORT"/>
                <assign field="VIRTUALSERVER" value="_(VIRTUALSERVER):_(PORT)"/>
            </nonskip-rule>

            <nonskip-rule id="15" name="Request" regex="\brequest=&quot;([^\s]+)\s(\/[^\s]*)\s([^&quot;]+)&quot;">
                <group number="1" field="HTTPMETHOD"/>
                <group number="2" field="CONNECT_URI"/>
                <group number="3" field="PROTOCOL"/>
            </nonskip-rule>

            <nonskip-rule id="16" name="Normalized URI" regex="\buri=&quot;(\/[^&quot;]*)&quot;">
                <group number="1" field="REDIRECT_URI"/>
            </nonskip-rule>

            <nonskip-rule id="17" name="HTTP Referrer" regex="\bhttp_referer=&quot;([^\s]+)&quot;">
                <group number="1" field="REFERRER"/>
            </nonskip-rule>

            <nonskip-rule id="18" name="HTTP User Agent" regex="\bhttp_user_agent=&quot;([^&quot;]+)&quot;">
                <group number="1" field="USERAGENT"/>
            </nonskip-rule>

            <nonskip-rule id="19" name="File Name, Path, Type" regex="\brequest_filename=&quot;([^&quot;]+\/([^.\s&quot;]+(\.[^\s&quot;]+)?))&quot;">
                <group number="1" field="FILEPATH"/>
                <group number="2" field="FILENAME"/>
                <group number="3" field="FILETYPE"/>
            </nonskip-rule>

            <nonskip-rule id="20" name="HTTP Cookie" regex="\bhttp_cookie=&quot;([^&quot;]+)&quot;">
                <group number="1" field="COOKIE"/>
            </nonskip-rule>

            <nonskip-rule id="21" name="HTTP Content Type" regex="\bsent_http_content_type=&quot;([^&quot;]+)&quot;">
                <group number="1" field="CONTENT_TYPE"/>
            </nonskip-rule>

            <nonskip-rule id="22" name="HTTP X Forwarded For" regex="\bhttp_x_forwarded_for=&quot;([^&quot;]+)&quot;">
                <group number="1" field="HTTP_X_FORWARDED_FOR"/>
            </nonskip-rule>

            <nonskip-rule id="23" name="Proxy Host" regex="\bproxy_host=&quot;([^:&quot;]+):?(\d{1,5})?&quot;">
                <group number="1" field="DESTINATION_HOST"/>
                <group number="2" field="DEST_PORT_I"/>
            </nonskip-rule>

            <nonskip-rule id="24" name="Status" regex="\bstatus=&quot;((\d)\d{2})&quot;" priority="10">
                <group number="1" field="HTTPSTATUS"/>
                <group number="2" field="COMMON_REPORT_NAME" />
            </nonskip-rule>

            <nonskip-rule id="25" name="Error Count" parse_field="HTTPSTATUS" regex="\b(4\d{2}|5\d{2})&quot;?$" priority="9">
                <group number="1" field="FILE_TRANSFER" />
                <assign field="ERRORCOUNT" value="1" />
            </nonskip-rule>

            <nonskip-rule id="26" name="Failure Reason" condition="(HTTPSTATUS multi '495,496,497,401,400,402,403,404,408,414,413,417,415,423,502,500,503,504')" parse_field="HTTPSTATUS" regex="\b(4\d{2}|5\d{2})&quot;?$" priority="9">
                <group number="1" field="FAILUREREASON" lookup="FailureReason"/>
            </nonskip-rule>

            <nonskip-rule id="27" name="Bytes Sent" regex="\bbytes_sent=&quot;(\d+)&quot;">
                <group number="1" field="SENT_BYTES_I"/>
            </nonskip-rule>

            <nonskip-rule id="28" name="Request Processing Time" regex="\brequest_time=&quot;([\d]+)\.([\d]+)&quot;" priority="8">
                <group number="1" field="PROCESS_TIME"/>
                <group number="2" field="VALUE"/>
                <assign field="REQUEST_PROCESSING_TIME" value="_(PROCESS_TIME)_(VALUE)" />
            </nonskip-rule>

            <nonskip-rule id="29" name="SSL Cipher" regex="\bssl_cipher=&quot;([^&quot;]+)&quot;">
                <group number="1" field="SSLCIPHER"/>
            </nonskip-rule>

            <nonskip-rule id="30" name="SSL Protocol Version" regex="\bssl_protocol=&quot;([^&quot;]+)&quot;">
                <group number="1" field="SSLPROTOCOL"/>
            </nonskip-rule>

            <nonskip-rule id="31" name="HTTPS" condition="(HTTPSTATUS regex '2\d{2}|3\d{2}')" regex="\bhttps=&quot;on&quot;" priority="9">
                <assign field="IENAME" value="SSL Success Report" />
            </nonskip-rule>

            <nonskip-rule id="32" name="HTTPS" condition="(HTTPSTATUS multi '495,496,497')" regex="\bhttps=&quot;on&quot;" priority="9">
                <assign field="IENAME" value="SSL Failure Report" />
            </nonskip-rule>

            <nonskip-rule id="33" name="Upstream Address with comma seperated" regex="(\bupstream_addr=&quot;.*?,\s?([^,\s:]+):(\d{1,5})&quot;)" priority="10">
                <group number="1" field="DESCRIPTION"/>
                <group number="2" field="BACKENDIP"/>
                <group number="3" field="BACKENDPORT"/>
            </nonskip-rule>

            <nonskip-rule id="34" name="Upstream Status with comma seperated" regex="(\bupstream_status=&quot;[\d,\s]+,\s?([^&quot;,\s]+)&quot;)" priority="9">
                <group number="1" field="OBJECT"/>
                <group number="2" field="BACKENDSTATUS"/>
                <assign field="DESCRIPTION" value="_(DESCRIPTION) _(OBJECT)" />
            </nonskip-rule>

            <nonskip-rule id="35" name="Upstream Bytes transfered with comma seperated" regex="(\bupstream_bytes_received=&quot;[\d,\s]+,\s?([^&quot;,\s]+)&quot;)" priority="9">
                <group number="1" field="OBJECT"/>
                <group number="2" field="RECEIVED_BYTES_I"/>
                <assign field="DESCRIPTION" value="_(DESCRIPTION) _(OBJECT)"/>
            </nonskip-rule>

            <nonskip-rule id="36" name="Upstream Response time with comma seperated" regex="(\bupstream_response_time=&quot;[\d,.\s]+,\s?([\d]+)\.([\d]+)&quot;)" priority="9">
                <group number="1" field="OBJECT"/>
                <group number="2" field="UPSTREAM_RESPONSE_TIME"/>
                <group number="3" field="URT_MILLISECONDS"/>
                <assign field="UPSTREAM_RESPONSE_TIME" value="_(UPSTREAM_RESPONSE_TIME)_(URT_MILLISECONDS)" />
                <assign field="DESCRIPTION" value="_(DESCRIPTION) _(OBJECT)" />
            </nonskip-rule>

            <nonskip-rule id="37" name="Upstream Address" regex="\bupstream_addr=&quot;([^\s:]+):(\d{1,5})&quot;" priority="8">
                <group number="1" field="BACKENDIP"/>
                <group number="2" field="BACKENDPORT"/>
            </nonskip-rule>

            <nonskip-rule id="38" name="Upstream Status" regex="\bupstream_status=&quot;(\d{3})&quot;" priority="8">
                <group number="1" field="BACKENDSTATUS"/>
            </nonskip-rule>

            <nonskip-rule id="39" name="Upstream Bytes transfered" regex="\bupstream_bytes_received=&quot;(\d+)&quot;" priority="8">
                <group number="1" field="RECEIVED_BYTES_I"/>
            </nonskip-rule>

            <nonskip-rule id="40" name="Upstream Response time" regex="\bupstream_response_time=&quot;([\d]+)\.([\d]+)&quot;" priority="8">
                <group number="1" field="UPSTREAM_RESPONSE_TIME"/>
                <group number="2" field="URT_MILLISECONDS"/>
                <assign field="UPSTREAM_RESPONSE_TIME" value="_(UPSTREAM_RESPONSE_TIME)_(URT_MILLISECONDS)" />
            </nonskip-rule>

            <nonskip-rule id="41" name="Upstream Cache Status" regex="\bupstream_cache_status=&quot;([^&quot;]+)&quot;">
                <group number="1" field="STATUS"/>
            </nonskip-rule>

            <nonskip-rule id="42" name="ResponseTime Milliseconds one decimal handling" parse_field="VALUE" regex="^\d{1}$" priority="7" >
                <assign field="REQUEST_PROCESSING_TIME" value="00000" type="append"/>
            </nonskip-rule>

            <nonskip-rule id="43" name="ResponseTime Milliseconds Two decimal handling" parse_field="VALUE" regex="^\d{2}$" priority="7">
                <assign field="REQUEST_PROCESSING_TIME" value="0000" type="append"/>
            </nonskip-rule>

            <nonskip-rule id="44" name="ResponseTime Milliseconds Three decimal handling" parse_field="VALUE" regex="^\d{3}$" priority="7">
                <assign field="REQUEST_PROCESSING_TIME" value="000" type="append"/>
            </nonskip-rule>

            <nonskip-rule id="45" name="Upstream ResponseTime Milliseconds one decimal handling" parse_field="URT_MILLISECONDS" regex="^\d{1}$" priority="7">
                <assign field="UPSTREAM_RESPONSE_TIME" value="00000" type="append"/>
            </nonskip-rule>

            <nonskip-rule id="46" name="Upstream ResponseTime Milliseconds Two decimal handling" parse_field="URT_MILLISECONDS" regex="^\d{2}$" priority="7">
                <assign field="UPSTREAM_RESPONSE_TIME" value="0000" type="append" />
            </nonskip-rule>

            <nonskip-rule id="47" name="Upstream ResponseTime Milliseconds Three decimal handling" parse_field="URT_MILLISECONDS" regex="^\d{3}$" priority="7">
                <assign field="UPSTREAM_RESPONSE_TIME" value="000" type="append" />
            </nonskip-rule>

            <nonskip-rule id="48" name="Error logs Sevierity For Import" condition="(IENAME equals 'Error Logs') and (SEVERITY multi_not_equals 'emergency,alert,critical,error,warning,notice,information,debug')" priority="10">
                <assign field="SEVERITY" from_field="OBJECT" type="overwrite" />     
            </nonskip-rule>

            <nonskip-rule id="49" name="Information Request" condition="(COMMON_REPORT_NAME equals '1')" priority="2">
                <assign field="COMMON_REPORT_NAME" value="Webserver Information Request" />
            </nonskip-rule>

            <nonskip-rule id="50" name="Success Request" condition="(COMMON_REPORT_NAME equals '2')" priority="2">
                <assign field="COMMON_REPORT_NAME" value="Webserver Success Request" />
            </nonskip-rule>

            <nonskip-rule id="51" name="Redirection Request" condition="(COMMON_REPORT_NAME equals '3')" priority="2">
                <assign field="COMMON_REPORT_NAME" value="Webserver Redirection Request" />
            </nonskip-rule>

            <nonskip-rule id="52" name="Client Error Request" condition="(COMMON_REPORT_NAME equals '4')" priority="2">
                <assign field="COMMON_REPORT_NAME" value="Webserver Client Error Request" />
            </nonskip-rule>

            <nonskip-rule id="53" name="Server Error Request" condition="(COMMON_REPORT_NAME equals '5')" priority="2">
                <assign field="COMMON_REPORT_NAME" value="Webserver Server Error Request" />
            </nonskip-rule>

        </rules>

        <format-details id="1" category="APPLICATION" name="Nginx" desc="Nginx" priority="625">
            <indexable-fields values="HOSTID,TIME,HOSTNAME,SEVERITY,IENAME,COMMON_REPORT_NAME,CLIENTIP,SOURCEHOST,CLIENTPORT,USERNAME,REFERRER,USERAGENT,DESTINATION_HOST,DEST_PORT_I,HTTP_X_FORWARDED_FOR,COOKIE,CONTENT_TYPE,ORIGINALCLIENTIP,CONNECTION,CONNECT_URI,HTTPMETHOD,PROTOCOL,REDIRECT_URI,FILENAME,FILEPATH,FILETYPE,SERVER,S_IP,PORT,VIRTUALSERVER,HTTPSTATUS,FAILUREREASON,SENT_BYTES_I,REQUEST_PROCESSING_TIME,SSLCIPHER,SSLPROTOCOL,BACKENDIP,BACKENDPORT,STATUS,UPSTREAM_RESPONSE_TIME,RECEIVED_BYTES_I,BACKENDSTATUS,DESCRIPTION,ERRORCOUNT,MESSAGE,FUNCTIONNAME,FILE_TRANSFER" />
            <meta-fields values="LOGTYPE" />
            <field-options field="SEVERITY" default-values="emergency as ads.option.emergency,alert as ads.option.alert,critical as ads.option.critical,error as ads.option.error,warning as ads.option.warning,notice as ads.option.notice,information as ads.option.information,debug as ads.option.debug"/>
        </format-details>
    </logformat>

    <logformat id="2" name="ImportFormatIdentifier" description="To find format for Import logs">
        <rules language="en_US">

            <skip-rule id="54" name="Error_Logs" priority="10" regex="\d{4}\/\d{1,2}\/\d{1,2}\s\d{1,2}:\d{1,2}:\d{1,2}\s\[[^\]]+\]\s\d*?#\d*?:\s?">
                <assign field="FORMAT" value="Nginx"/>
                <assign field="LOGO" value="icons/Nginx"/>
            </skip-rule>

            <skip-rule id="55" name="Access_Logs_Custom_Format" priority="10" regex=".*(?:request=&quot;[^\s]+\s\/[^\s]*\s[^&quot;]+&quot;|(?:upstresam_addr|upstream_status|upstream_response_time=&quot;[^&quot;]+&quot;)).*" >
                <assign field="FORMAT" value="Nginx"/>
                <assign field="LOGO" value="icons/Nginx"/>
            </skip-rule>

        </rules>
    </logformat>

</parser>