<reports>

    <troubleshooting>
        <template id="1">
            <no-logsource title="nginx.1_0.reports.nodevice.nginx" content="nginx.1_0.reports.nodevice.nginx.desc" button_text="nginx.1_0.reports.nodevice.nginx.link.title" redirection_type="CURRENT_TAB" button_url="#/settings/log-import/files" />
        </template>
    </troubleshooting>

    <category id="1" name="nginx.1_0.category.nginx" desc="Nginx Reports" icon="nginx.png" order="22" troubleshooting="1" logformat="Nginx" source="APPLICATION">

        <group id="1" name="nginx.1_0.reportgroup.nginx_webserver_reports" desc="Nginx webserver Reports" order="1">
            <report id="1" name="nginx.1_0.reportname.all_requests" desc="All Requests" unique_key="Nginx_All_Requests" type="normal" order="1"
                    criteria="(HOSTTYPE = 'Nginx') and (IENAME != 'Error Logs')"
                    tablefields="TIME as time,
					HOSTID as hostid,
					CLIENTIP as clientip,
					HTTPMETHOD as httpmethod,
					REFERRER as referrer,
					VIRTUALSERVER as virtualserver,
					REDIRECT_URI as redirect_uri,
					SENT_BYTES_I as sent_bytes_i,
					HTTPSTATUS as httpstatus,
					REQUEST_PROCESSING_TIME as request_processing_time,
					(HIDE)USERAGENT as useragent,
					(HIDE)SEVERITY as severity,

					(HIDE)CLIENTPORT as clientport,
					(HIDE)FUNCTIONNAME as functionname,
					(HIDE)FILE_TRANSFER as file_transfer,
					(HIDE)SOURCEHOST as nginx.1_0.reportfields.sourcehost,
					(HIDE)USERNAME as username,
					(HIDE)HOSTNAME as hostname,
					(HIDE)MESSAGE as message,
					(HIDE)DESTINATION_HOST as nginx.1_0.reportfields.proxy_host_name,
					(HIDE)DEST_PORT_I as nginx.1_0.reportfields.proxy_port,
					(HIDE)HTTP_X_FORWARDED_FOR as http_x_forwarded_for,
					(HIDE)COOKIE as cookie,
					(HIDE)CONTENT_TYPE as content_type,
					(HIDE)ORIGINALCLIENTIP as originalclientip,
					(HIDE)CONNECTION as connection,
					(HIDE)CONNECT_URI as connect_uri,
					(HIDE)PROTOCOL as protocol,
					(HIDE)FILENAME as filename,
					(HIDE)FILEPATH as filepath,
					(HIDE)FILETYPE as filetype,
					(HIDE)SERVER as server,
					(HIDE)S_IP as s_ip,
					(HIDE)PORT as nginx.1_0.reportfields.server_port,
					(HIDE)FAILUREREASON as failurereason,
					(HIDE)SSLCIPHER as sslcipher,
					(HIDE)SSLPROTOCOL as sslprotocol,
					(HIDE)BACKENDIP as nginx.1_0.reportfields.upstream_ip_address,
					(HIDE)BACKENDPORT as nginx.1_0.reportfields.upstream_port,
					(HIDE)STATUS as nginx.1_0.reportfields.cache_status,
					(HIDE)UPSTREAM_RESPONSE_TIME as upstream_response_time,
					(HIDE)RECEIVED_BYTES_I as nginx.1_0.reportfields.bytes_received_from_upstream,
					(HIDE)BACKENDSTATUS as nginx.1_0.reportfields.upstream_status,
					(HIDE)DESCRIPTION as description,
					(HIDE)ERRORCOUNT as errorcount">

            <summary-view name="nginx.1_0.view.all_requests" desc="All Events" order="1">
                    <row field="TIME as time" sort="count_top" limit="-1" order="1" />
                </summary-view>
                <summary-view name="its.view.top.c_ip" desc="its.view.top.c_ip" order="2">
                    <row field="CLIENTIP as clientip" sort="count_top" limit="-1" order="1" />
                </summary-view>
                <summary-view name="nginx.1_0.view.top.visitor_platform" desc="Top Visitor Platform" order="3">
                    <row field="USERAGENT as useragent" sort="count_top" limit="-1" order="1" />
                </summary-view>
                <summary-view name="its.view.top.METHOD" desc="Top Method" order="4">
                    <row field="HTTPMETHOD as httpmethod" sort="count_top" limit="-1" order="1" />
                </summary-view>
                <summary-view name="its.report.Top_Referrers" desc="Top Referers" order="5">
                    <row field="REFERRER as referrer" sort="count_top" limit="-1" order="1" />
                </summary-view>
            </report>

            <report id="2" name="its.report.Important_Events" desc="Important Events" unique_key="Nginx_Important_Events" type="multi" order="2"
                    criteria=""
                    tablefields="" >
                <multireport id="1" report_id="19" display_name="its.report.Server_Error_Reports" order="1" />
                <multireport id="2" report_id="18" display_name="its.report.Client_Error_Reports" order="2" />
                <multireport id="3" report_id="10" display_name="nginx.1_0.reportname.ssl_handshake_failure" order="3" />
                <multireport id="4" report_id="8" display_name="nginx.1_0.reportname.files_accessed" order="4" />
                <multireport id="5" report_id="21" display_name="nginx.1_0.reportname.upstream_request_analysis" order="5" />
            </report>

            <report id="3" name="nginx.1_0.reportname.webserver_traffic_overview" desc="Webserver Traffic Overview" unique_key="Nginx_Webserver_Traffic_Overview" type="summary" order="3"
                    criteria="(HOSTTYPE = 'Nginx') and (IENAME != 'Error Logs')"
                    tablefields="">
                <summary-view name="nginx.1_0.view.traffic_overview" desc="Traffic Overview" order="1">
                    <row field="SERVER as server" sort="count_top" limit="-1" order="1" />
                    <row field="VIRTUALSERVER as virtualserver" sort="count_top" limit="-1" order="2" />
                    <data id="1" function="COUNT" field="clientip" name="TOTAL_REQUESTS" order="3" />
                    <data id="2" function="SUM" field="errorcount" name="ERROR_REQUESTS" order="4" />
                    <data id="3" function="COUNT_DISTINCT" field="clientip" name="UNIQUE_CLIENTS" order="5" />
                    <data id="4" function="AVG" field="request_processing_time" name="AVG_PROCESS_TIME" order="6" />
                    <data id="5" function="SUM" field="sent_bytes_i" name="TOTAL_DATA_SENT" order="7" />
                </summary-view>
            </report>

            <report id="4" name="nginx.1_0.reportname.request_rate_report" desc="Request Rate Report" unique_key="Nginx_Request_Rate_Report" type="summary" order="4"
                    criteria="(HOSTTYPE = 'Nginx') and (IENAME != 'Error Logs')" 
                    tablefields="">
                <summary-view name="nginx.1_0.view.request_rate" desc="Request Rate" order="1">
                    <row field="TIME as time" sort="count_top" limit="-1" order="1" />
                </summary-view>
            </report>


            <report id="5" name="nginx.1_0.reportname.request_per_session" desc="Requests Per Session" unique_key="Nginx_Requests_Per_Session" type="normal" order="5"
                    criteria="(HOSTTYPE = 'Nginx') and (IENAME != 'Error Logs')"
                    tablefields="TIME as time,
					HOSTID as hostid,
					CLIENTIP as clientip,
					HTTPMETHOD as httpmethod,
					REFERRER as referrer,
					VIRTUALSERVER as virtualserver,
					REDIRECT_URI as redirect_uri,
					SENT_BYTES_I as sent_bytes_i,
					HTTPSTATUS as httpstatus,
					REQUEST_PROCESSING_TIME as request_processing_time,
					(HIDE)USERAGENT as useragent,
					(HIDE)SEVERITY as severity,

					(HIDE)CLIENTPORT as clientport,
					(HIDE)FUNCTIONNAME as functionname,
					(HIDE)FILE_TRANSFER as file_transfer,
					(HIDE)SOURCEHOST as nginx.1_0.reportfields.sourcehost,
					(HIDE)USERNAME as username,
					(HIDE)HOSTNAME as hostname,
					(HIDE)MESSAGE as message,
					(HIDE)DESTINATION_HOST as nginx.1_0.reportfields.proxy_host_name,
					(HIDE)DEST_PORT_I as nginx.1_0.reportfields.proxy_port,
					(HIDE)HTTP_X_FORWARDED_FOR as http_x_forwarded_for,
					(HIDE)COOKIE as cookie,
					(HIDE)CONTENT_TYPE as content_type,
					(HIDE)ORIGINALCLIENTIP as originalclientip,
					(HIDE)CONNECTION as connection,
					(HIDE)CONNECT_URI as connect_uri,
					(HIDE)PROTOCOL as protocol,
					(HIDE)FILENAME as filename,
					(HIDE)FILEPATH as filepath,
					(HIDE)FILETYPE as filetype,
					(HIDE)SERVER as server,
					(HIDE)S_IP as s_ip,
					(HIDE)PORT as nginx.1_0.reportfields.server_port,
					(HIDE)FAILUREREASON as failurereason,
					(HIDE)SSLCIPHER as sslcipher,
					(HIDE)SSLPROTOCOL as sslprotocol,
					(HIDE)BACKENDIP as nginx.1_0.reportfields.upstream_ip_address,
					(HIDE)BACKENDPORT as nginx.1_0.reportfields.upstream_port,
					(HIDE)STATUS as nginx.1_0.reportfields.cache_status,
					(HIDE)UPSTREAM_RESPONSE_TIME as upstream_response_time,
					(HIDE)RECEIVED_BYTES_I as nginx.1_0.reportfields.bytes_received_from_upstream,
					(HIDE)BACKENDSTATUS as nginx.1_0.reportfields.upstream_status,
					(HIDE)ERRORCOUNT as errorcount">

            <summary-view name="nginx.1_0.view.top.requests_per_session" desc="Top requests per session" order="1">
                    <row field="CONNECTION as connection" sort="count_top" limit="-1" order="1"/>
                    <data id="6" function="COUNT" field="count" name="TOTAL_REQUESTS" order="1"/>
                </summary-view>
            </report>

            <report id="6" name="nginx.1_0.reportname.uri_accessed" desc="Uri Accessed" unique_key="Nginx_URI_Accessed" type="normal" order="6"
                    criteria="(HOSTTYPE = 'Nginx') and (IENAME != 'Error Logs')"
                    tablefields="TIME as time,
					HOSTID as hostid,
					CLIENTIP as clientip,
					HTTPMETHOD as httpmethod,
					REFERRER as referrer,
					VIRTUALSERVER as virtualserver,
					REDIRECT_URI as redirect_uri,
					SENT_BYTES_I as sent_bytes_i,
					HTTPSTATUS as httpstatus,
					REQUEST_PROCESSING_TIME as request_processing_time,
					(HIDE)USERAGENT as useragent,
					(HIDE)SEVERITY as severity,

					(HIDE)CLIENTPORT as clientport,
					(HIDE)FUNCTIONNAME as functionname,
					(HIDE)FILE_TRANSFER as file_transfer,
					(HIDE)SOURCEHOST as nginx.1_0.reportfields.sourcehost,
					(HIDE)USERNAME as username,
					(HIDE)HOSTNAME as hostname,
					(HIDE)MESSAGE as message,
					(HIDE)DESTINATION_HOST as nginx.1_0.reportfields.proxy_host_name,
					(HIDE)DEST_PORT_I as nginx.1_0.reportfields.proxy_port,
					(HIDE)HTTP_X_FORWARDED_FOR as http_x_forwarded_for,
					(HIDE)COOKIE as cookie,
					(HIDE)CONTENT_TYPE as content_type,
					(HIDE)ORIGINALCLIENTIP as originalclientip,
					(HIDE)CONNECTION as connection,
					(HIDE)CONNECT_URI as connect_uri,
					(HIDE)PROTOCOL as protocol,
					(HIDE)FILENAME as filename,
					(HIDE)FILEPATH as filepath,
					(HIDE)FILETYPE as filetype,
					(HIDE)S_IP as s_ip,
					(HIDE)PORT as nginx.1_0.reportfields.server_port,
					(HIDE)FAILUREREASON as failurereason,
					(HIDE)SSLCIPHER as sslcipher,
					(HIDE)SSLPROTOCOL as sslprotocol,
					(HIDE)BACKENDIP as nginx.1_0.reportfields.upstream_ip_address,
					(HIDE)BACKENDPORT as nginx.1_0.reportfields.upstream_port,
					(HIDE)STATUS as nginx.1_0.reportfields.cache_status,
					(HIDE)UPSTREAM_RESPONSE_TIME as upstream_response_time,
					(HIDE)RECEIVED_BYTES_I as nginx.1_0.reportfields.bytes_received_from_upstream,
					(HIDE)BACKENDSTATUS as nginx.1_0.reportfields.upstream_status,
					(HIDE)ERRORCOUNT as errorcount">

            <summary-view name="nginx.1_0.view.top.uri" desc="Top URI" order="1">
                    <row field="REDIRECT_URI as redirect_uri" sort="count_top" limit="-1" order="1"/>
                </summary-view>
                <summary-view name="its.report.Top_Referrers" desc="Top Referrers" order="1">
                    <row field="REFERRER as referrer" sort="count_top" limit="-1" order="1" />
                    <row field="REDIRECT_URI as redirect_uri" sort="count_top" limit="-1" order="2" />
                </summary-view>
            </report>

            <report id="7" name="nginx.1_0.reportname.virtual_server_reports" desc="Virtual Server Report" unique_key="Nginx_Virtual_Server_Report" type="normal" order="7"
                    criteria="(HOSTTYPE = 'Nginx') and (IENAME != 'Error Logs')"
                    tablefields="TIME as time,
					HOSTID as hostid,
					CLIENTIP as clientip,
					HTTPMETHOD as httpmethod,
					REFERRER as referrer,
					VIRTUALSERVER as virtualserver,
					REDIRECT_URI as redirect_uri,
					SENT_BYTES_I as sent_bytes_i,
					HTTPSTATUS as httpstatus,
					REQUEST_PROCESSING_TIME as request_processing_time,
					(HIDE)USERAGENT as useragent,
					(HIDE)SEVERITY as severity,

					(HIDE)CLIENTPORT as clientport,
					(HIDE)FUNCTIONNAME as functionname,
					(HIDE)FILE_TRANSFER as file_transfer,
					(HIDE)SOURCEHOST as nginx.1_0.reportfields.sourcehost,
					(HIDE)USERNAME as username,
					(HIDE)HOSTNAME as hostname,
					(HIDE)MESSAGE as message,
					(HIDE)DESTINATION_HOST as nginx.1_0.reportfields.proxy_host_name,
					(HIDE)DEST_PORT_I as nginx.1_0.reportfields.proxy_port,
					(HIDE)HTTP_X_FORWARDED_FOR as http_x_forwarded_for,
					(HIDE)COOKIE as cookie,
					(HIDE)CONTENT_TYPE as content_type,
					(HIDE)ORIGINALCLIENTIP as originalclientip,
					(HIDE)CONNECTION as connection,
					(HIDE)CONNECT_URI as connect_uri,
					(HIDE)PROTOCOL as protocol,
					(HIDE)FILENAME as filename,
					(HIDE)FILEPATH as filepath,
					(HIDE)FILETYPE as filetype,
					(HIDE)SERVER as server,
					(HIDE)S_IP as s_ip,
					(HIDE)PORT as nginx.1_0.reportfields.server_port,
					(HIDE)FAILUREREASON as failurereason,
					(HIDE)SSLCIPHER as sslcipher,
					(HIDE)SSLPROTOCOL as sslprotocol,
					(HIDE)BACKENDIP as nginx.1_0.reportfields.upstream_ip_address,
					(HIDE)BACKENDPORT as nginx.1_0.reportfields.upstream_port,
					(HIDE)STATUS as nginx.1_0.reportfields.cache_status,
					(HIDE)UPSTREAM_RESPONSE_TIME as upstream_response_time,
					(HIDE)RECEIVED_BYTES_I as nginx.1_0.reportfields.bytes_received_from_upstream,
					(HIDE)BACKENDSTATUS as nginx.1_0.reportfields.upstream_status,
					(HIDE)ERRORCOUNT as errorcount">

            <summary-view name="its.view.top.VIRTUALSERVER" desc="Top Virtual Servers" order="1">
                    <row field="VIRTUALSERVER as virtualserver" sort="count_top" limit="-1" order="1" />
                </summary-view>

                <summary-view name="its.view.unique.visitors" desc="Unique Visitors" order="2">
                    <row field="VIRTUALSERVER as virtualserver" sort="count_top" limit="-1" order="1" />
                    <data id="7" function="COUNT_DISTINCT" field="clientip" name="No of Unique Clients" order="2"/>
                </summary-view>

                <summary-view name="nginx.1_0.view.top.clients_per_server" desc="Top Clients per Server" order="3">
                    <row field="VIRTUALSERVER as virtualserver" sort="count_top" limit="-1" order="1" />
                    <row field="CLIENTIP as clientip" sort="count_top" limit="-1" order="2" />
                </summary-view>

                <summary-view name="nginx.1_0.view.top.referrers_per_server" desc="Top Refererrs per Servers" order="4">
                    <row field="VIRTUALSERVER as virtualserver" sort="count_top" limit="-1" order="1" />
                    <row field="REFERRER as referrer" sort="count_top" limit="-1" order="2" />
                </summary-view>
            </report>

            <report id="8" name="nginx.1_0.reportname.files_accessed" desc="Files Accessed" unique_key="Nginx_Files_Accessed" type="normal" isAlert="true" order="8"
                    criteria="(HOSTTYPE = 'Nginx') and (FILEPATH isExist)"
                    tablefields="TIME as time,
					HOSTID as hostid,
					CLIENTIP as clientip,
					HTTPMETHOD as httpmethod,
					REFERRER as referrer,
					VIRTUALSERVER as virtualserver,
                    FILENAME as filename,
					FILEPATH as filepath,
					FILETYPE as filetype,
					SENT_BYTES_I as sent_bytes_i,
					(HIDE)HTTPSTATUS as httpstatus,
                    (HIDE)REDIRECT_URI as redirect_uri,
					(HIDE)REQUEST_PROCESSING_TIME as request_processing_time,
					(HIDE)USERAGENT as useragent,
					(HIDE)SEVERITY as severity,

					(HIDE)CLIENTPORT as clientport,
					(HIDE)FUNCTIONNAME as functionname,
					(HIDE)FILE_TRANSFER as file_transfer,
					(HIDE)SOURCEHOST as nginx.1_0.reportfields.sourcehost,
					(HIDE)USERNAME as username,
					(HIDE)HOSTNAME as hostname,
					(HIDE)MESSAGE as message,
					(HIDE)DESTINATION_HOST as nginx.1_0.reportfields.proxy_host_name,
					(HIDE)DEST_PORT_I as nginx.1_0.reportfields.proxy_port,
					(HIDE)HTTP_X_FORWARDED_FOR as http_x_forwarded_for,
					(HIDE)COOKIE as cookie,
					(HIDE)CONTENT_TYPE as content_type,
					(HIDE)ORIGINALCLIENTIP as originalclientip,
					(HIDE)CONNECTION as connection,
					(HIDE)CONNECT_URI as connect_uri,
					(HIDE)PROTOCOL as protocol,
					(HIDE)SERVER as server,
					(HIDE)S_IP as s_ip,
					(HIDE)PORT as nginx.1_0.reportfields.server_port,
					(HIDE)FAILUREREASON as failurereason,
					(HIDE)SSLCIPHER as sslcipher,
					(HIDE)SSLPROTOCOL as sslprotocol,
					(HIDE)BACKENDIP as nginx.1_0.reportfields.upstream_ip_address,
					(HIDE)BACKENDPORT as nginx.1_0.reportfields.upstream_port,
					(HIDE)STATUS as nginx.1_0.reportfields.cache_status,
					(HIDE)UPSTREAM_RESPONSE_TIME as upstream_response_time,
					(HIDE)RECEIVED_BYTES_I as nginx.1_0.reportfields.bytes_received_from_upstream,
					(HIDE)BACKENDSTATUS as nginx.1_0.reportfields.upstream_status,
					(HIDE)ERRORCOUNT as errorcount">
                <summary-view name="nginx.1_0.view.top.file_types" desc="Top File Types" order="1">
                    <row field="FILETYPE as filetype" sort="count_top" limit="-1" order="1" />
                </summary-view>

                <summary-view name="nginx.1_0.view.top.files" desc="Top Files" order="2">
                    <row field="FILEPATH as filepath" sort="count_top" limit="-1" order="1" />
                </summary-view>
            </report>

            <report id="9" name="nginx.1_0.reportname.ssl_success_report" desc="SSL Success Report" unique_key="Nginx_Ssl_Success_Report" type="normal" isAlert="true" order="9"
                    criteria="(HOSTTYPE = 'Nginx') and (IENAME = 'SSL Success Report')"
                    tablefields="TIME as time,
					HOSTID as hostid,
					CLIENTIP as clientip,
					HTTPMETHOD as httpmethod,
					REFERRER as referrer,
					VIRTUALSERVER as virtualserver,
					REDIRECT_URI as redirect_uri,
                    SSLCIPHER as sslcipher,
					SSLPROTOCOL as sslprotocol,
					REQUEST_PROCESSING_TIME as request_processing_time,
					(HIDE)USERAGENT as useragent,
					(HIDE)SEVERITY as severity,

					(HIDE)CLIENTPORT as clientport,
					(HIDE)FUNCTIONNAME as functionname,
					(HIDE)FILE_TRANSFER as file_transfer,
					(HIDE)SOURCEHOST as nginx.1_0.reportfields.sourcehost,
					(HIDE)USERNAME as username,
					(HIDE)HOSTNAME as hostname,
					(HIDE)MESSAGE as message,
					(HIDE)DESTINATION_HOST as nginx.1_0.reportfields.proxy_host_name,
					(HIDE)DEST_PORT_I as nginx.1_0.reportfields.proxy_port,
					(HIDE)HTTP_X_FORWARDED_FOR as http_x_forwarded_for,
					(HIDE)COOKIE as cookie,
					(HIDE)CONTENT_TYPE as content_type,
					(HIDE)ORIGINALCLIENTIP as originalclientip,
					(HIDE)CONNECTION as connection,
					(HIDE)CONNECT_URI as connect_uri,
					(HIDE)PROTOCOL as protocol,
					(HIDE)FILENAME as filename,
					(HIDE)FILEPATH as filepath,
					(HIDE)FILETYPE as filetype,
					(HIDE)SERVER as server,
					(HIDE)S_IP as s_ip,
					(HIDE)PORT as nginx.1_0.reportfields.server_port,
					(HIDE)FAILUREREASON as failurereason,
					(HIDE)SSLCIPHER as sslcipher,
					(HIDE)SSLPROTOCOL as sslprotocol,
					(HIDE)BACKENDIP as nginx.1_0.reportfields.upstream_ip_address,
					(HIDE)BACKENDPORT as nginx.1_0.reportfields.upstream_port,
					(HIDE)STATUS as nginx.1_0.reportfields.cache_status,
					(HIDE)UPSTREAM_RESPONSE_TIME as upstream_response_time,
					(HIDE)RECEIVED_BYTES_I as nginx.1_0.reportfields.bytes_received_from_upstream,
					(HIDE)BACKENDSTATUS as nginx.1_0.reportfields.upstream_status,
					(HIDE)ERRORCOUNT as errorcount">
                <summary-view name="its.view.top.VIRTUALSERVER" desc="Top Virtual Servers" order="1">
                    <row field="VIRTUALSERVER as virtualserver" sort="count_top" limit="-1" order="1"/>
                </summary-view>

                <summary-view name="nginx.1_0.view.top.ssl_protocol" desc="Top SSL Protocol" order="2">
                    <row field="SSLPROTOCOL as sslprotocol" sort="count_top" limit="-1" order="1"/>
                </summary-view>

                <summary-view name="nginx.1_0.view.top.ssl_cipher" desc="Top SSL Cipher" order="3">
                    <row field="SSLCIPHER as sslcipher" sort="count_top" limit="-1" order="1"/>
                </summary-view>
            </report>

            <report id="10" name="nginx.1_0.reportname.ssl_handshake_failure" desc="SSL Handshake Failure" unique_key="Nginx_Ssl_Handshake_Failure" type="normal" isAlert="true" order="10"
                    criteria="(HOSTTYPE = 'Nginx') and (IENAME = 'SSL Failure Report')"
                    tablefields="TIME as time,
					HOSTID as hostid,
					CLIENTIP as clientip,
					HTTPMETHOD as httpmethod,
					REFERRER as referrer,
					VIRTUALSERVER as virtualserver,
					REDIRECT_URI as redirect_uri,
                    SSLCIPHER as sslcipher,
					SSLPROTOCOL as sslprotocol,
					REQUEST_PROCESSING_TIME as request_processing_time,
                    FAILUREREASON as failurereason,
					(HIDE)USERAGENT as useragent,
					(HIDE)SEVERITY as severity,
					(HIDE)CLIENTPORT as clientport,
					(HIDE)FUNCTIONNAME as functionname,
					(HIDE)FILE_TRANSFER as file_transfer,
					(HIDE)SOURCEHOST as nginx.1_0.reportfields.sourcehost,
					(HIDE)USERNAME as username,
					(HIDE)HOSTNAME as hostname,
					(HIDE)MESSAGE as message,
					(HIDE)DESTINATION_HOST as nginx.1_0.reportfields.proxy_host_name,
					(HIDE)DEST_PORT_I as nginx.1_0.reportfields.proxy_port,
					(HIDE)HTTP_X_FORWARDED_FOR as http_x_forwarded_for,
					(HIDE)COOKIE as cookie,
					(HIDE)CONTENT_TYPE as content_type,
					(HIDE)ORIGINALCLIENTIP as originalclientip,
					(HIDE)CONNECTION as connection,
					(HIDE)CONNECT_URI as connect_uri,
					(HIDE)PROTOCOL as protocol,
					(HIDE)FILENAME as filename,
					(HIDE)FILEPATH as filepath,
					(HIDE)FILETYPE as filetype,
					(HIDE)SERVER as server,
					(HIDE)S_IP as s_ip,
					(HIDE)PORT as nginx.1_0.reportfields.server_port,
					(HIDE)SSLCIPHER as sslcipher,
					(HIDE)SSLPROTOCOL as sslprotocol,
					(HIDE)BACKENDIP as nginx.1_0.reportfields.upstream_ip_address,
					(HIDE)BACKENDPORT as nginx.1_0.reportfields.upstream_port,
					(HIDE)STATUS as nginx.1_0.reportfields.cache_status,
					(HIDE)UPSTREAM_RESPONSE_TIME as upstream_response_time,
					(HIDE)RECEIVED_BYTES_I as nginx.1_0.reportfields.bytes_received_from_upstream,
					(HIDE)BACKENDSTATUS as nginx.1_0.reportfields.upstream_status,
					(HIDE)ERRORCOUNT as errorcount">

                <summary-view name="its.view.top.VIRTUALSERVER" desc="Top Virtual Servers" order="1">
                    <row field="VIRTUALSERVER as virtualserver" sort="count_top" limit="-1" order="1"/>
                </summary-view>
                <summary-view name="its.view.top.c_ip" desc="its.view.top.c_ip" order="1">
                    <row field="CLIENTIP as clientip" sort="count_top" limit="-1" order="1"/>
                </summary-view>
            </report>

            <report id="11" name="nginx.1_0.reportname.ssl_trend" desc="SSL Trend" unique_key="Nginx_Ssl_Trend" type="matrix" order="11"
                    criteria="(HOSTTYPE = 'Nginx') and (IENAME = 'SSL Success Report,SSL Failure Report')" >
                <matrix-view name="nginx.1_0.view.top.ssl_trend" order="1">
                    <row field="TIME as time" sort="value_asc" limit="100" order="1" />
                    <column field="IENAME as iename" sort="value_asc" limit="-1" order="1" custom_values="SSL Success Report as SSL Success Report,SSL Failure Report as SSL Failure Report" />
                </matrix-view>
            </report>

            <report id="12" name="nginx.1_0.view.top.20_slowest_uri_path" desc="Top 20 Slowest URI Path" unique_key="Nginx_Top_20_Slowest_Uri_Path" type="summary" order="12"
                    criteria="(HOSTTYPE = 'Nginx') and (IENAME != 'Error Logs')" 
                    tablefields="">
                <summary-view name="nginx.1_0.view.top.slowest_uri" desc="Top Slowest URI" order="1">
                    <row field="REDIRECT_URI as redirect_uri" sort="aggregation_desc" limit="-1" order="1"/>
                    <data id="8" function="AVG" field="request_processing_time" name="AVG_PROCESS_TIME" order="2"/>
                </summary-view>
            </report>
            <report id="13" name="nginx.1_0.reportname.top_20_slowest_virtual_servers" desc="Top 20 Slowest Virtual Servers" unique_key="Nginx_Top_20_Slowest_Virtual_Servers" type="summary" order="13"
                    criteria="(HOSTTYPE = 'Nginx') and (IENAME != 'Error Logs')" 
                    tablefields="">
                <summary-view name="its.view.top.VIRTUALSERVER" desc="Top Virtual Servers" order="1">
                    <row field="VIRTUALSERVER as virtualserver" sort="aggregation_desc" limit="-1" order="1"/>
                    <data id="9" function="AVG" field="request_processing_time" name="AVG_PROCESS_TIME" order="2"/>
                </summary-view>
            </report>

            <report id="14" name="its.report.Top_clients_causing_4xx_error" desc="Top 5 Clients Generating 4xx errors" unique_key="Nginx_Top_5_Clients_Generating_4xx_Errors" type="summary" order="14"
                    criteria="(HOSTTYPE = 'Nginx') and (HTTPSTATUS &lt; '500') and (HTTPSTATUS > '399')" 
                    tablefields="">
                <summary-view name="its.view.top.c_ip" desc="its.view.top.c_ips" order="1">
                    <row field="CLIENTIP as clientip" sort="count_top" limit="5" order="1"/>
                </summary-view>
            </report>

        </group>

        <group id="2" name="nginx.1_0.reportgroup.webserver_http_status_code_reports" desc="Webserver HTTP Status Code Reports" order="2">
            <report id="15" name="its.report.Status_Code_Summary" desc="Status Code Summary" unique_key="Nginx_Status_Code_Summary" type="multi" order="1"
                    criteria=""
                    tablefields="">
                <multireport id="6" report_id="16" display_name="its.report.Success_Reports" order="1" />
                <multireport id="7" report_id="17" display_name="its.report.Redirection_Reports" order="2" />
                <multireport id="8" report_id="18" display_name="its.report.Client_Error_Reports" order="3" />
                <multireport id="9" report_id="19" display_name="its.report.Server_Error_Reports" order="4" />
                <multireport id="10" report_id="20" display_name="its.report.Information_Reports" order="5" />
            </report>
            <report id="16" name="its.report.Success_Reports" desc="Success Reports" unique_key="Nginx_Success_Reports" type="normal" isAlert="true" order="2"
                    criteria="(HOSTTYPE = 'Nginx') and (HTTPSTATUS &lt; '300') and (HTTPSTATUS > '199')"
                    tablefields="TIME as time,
					HOSTID as hostid,
					CLIENTIP as clientip,
					HTTPMETHOD as httpmethod,
					REFERRER as referrer,
					VIRTUALSERVER as virtualserver,
					REDIRECT_URI as redirect_uri,
					SENT_BYTES_I as sent_bytes_i,
					HTTPSTATUS as httpstatus,
					REQUEST_PROCESSING_TIME as request_processing_time,
					(HIDE)USERAGENT as useragent,
					(HIDE)SEVERITY as severity,

					(HIDE)CLIENTPORT as clientport,
					(HIDE)FUNCTIONNAME as functionname,
					(HIDE)FILE_TRANSFER as file_transfer,
					(HIDE)SOURCEHOST as nginx.1_0.reportfields.sourcehost,
					(HIDE)USERNAME as username,
					(HIDE)HOSTNAME as hostname,
					(HIDE)MESSAGE as message,
					(HIDE)DESTINATION_HOST as nginx.1_0.reportfields.proxy_host_name,
					(HIDE)DEST_PORT_I as nginx.1_0.reportfields.proxy_port,
					(HIDE)HTTP_X_FORWARDED_FOR as http_x_forwarded_for,
					(HIDE)COOKIE as cookie,
					(HIDE)CONTENT_TYPE as content_type,
					(HIDE)ORIGINALCLIENTIP as originalclientip,
					(HIDE)CONNECTION as connection,
					(HIDE)CONNECT_URI as connect_uri,
					(HIDE)PROTOCOL as protocol,
					(HIDE)FILENAME as filename,
					(HIDE)FILEPATH as filepath,
					(HIDE)FILETYPE as filetype,
					(HIDE)SERVER as server,
					(HIDE)S_IP as s_ip,
					(HIDE)PORT as nginx.1_0.reportfields.server_port,
					(HIDE)FAILUREREASON as failurereason,
					(HIDE)SSLCIPHER as sslcipher,
					(HIDE)SSLPROTOCOL as sslprotocol,
					(HIDE)BACKENDIP as nginx.1_0.reportfields.upstream_ip_address,
					(HIDE)BACKENDPORT as nginx.1_0.reportfields.upstream_port,
					(HIDE)STATUS as nginx.1_0.reportfields.cache_status,
					(HIDE)UPSTREAM_RESPONSE_TIME as upstream_response_time,
					(HIDE)RECEIVED_BYTES_I as nginx.1_0.reportfields.bytes_received_from_upstream,
					(HIDE)BACKENDSTATUS as nginx.1_0.reportfields.upstream_status,
					(HIDE)ERRORCOUNT as errorcount">
                <summary-view name="its.view.top.c_ip" desc="its.view.top.c_ips" order="1">
                    <row field="CLIENTIP as clientip" sort="count_top" limit="-1" order="1"/>
                </summary-view>
                <summary-view name="its.report.Top_Status_Codes" desc="Top Status Codes" order="2">
                    <row field="HTTPSTATUS as httpstatus" sort="count_top" limit="-1" order="1"/>
                </summary-view>
            </report>

            <report id="17" name="its.report.Redirection_Reports" desc="Redirection Reports" unique_key="Nginx_Redirection_Reports" type="normal" isAlert="true" order="3"
                    criteria="(HOSTTYPE = 'Nginx') and (HTTPSTATUS &lt; '400') and (HTTPSTATUS > '299')"
                    tablefields="TIME as time,
					HOSTID as hostid,
					CLIENTIP as clientip,
					HTTPMETHOD as httpmethod,
					REFERRER as referrer,
					VIRTUALSERVER as virtualserver,
					REDIRECT_URI as redirect_uri,
					SENT_BYTES_I as sent_bytes_i,
					HTTPSTATUS as httpstatus,
					REQUEST_PROCESSING_TIME as request_processing_time,
					(HIDE)USERAGENT as useragent,
					(HIDE)SEVERITY as severity,

					(HIDE)CLIENTPORT as clientport,
					(HIDE)FUNCTIONNAME as functionname,
					(HIDE)FILE_TRANSFER as file_transfer,
					(HIDE)SOURCEHOST as nginx.1_0.reportfields.sourcehost,
					(HIDE)USERNAME as username,
					(HIDE)HOSTNAME as hostname,
					(HIDE)MESSAGE as message,
					(HIDE)DESTINATION_HOST as nginx.1_0.reportfields.proxy_host_name,
					(HIDE)DEST_PORT_I as nginx.1_0.reportfields.proxy_port,
					(HIDE)HTTP_X_FORWARDED_FOR as http_x_forwarded_for,
					(HIDE)COOKIE as cookie,
					(HIDE)CONTENT_TYPE as content_type,
					(HIDE)ORIGINALCLIENTIP as originalclientip,
					(HIDE)CONNECTION as connection,
					(HIDE)CONNECT_URI as connect_uri,
					(HIDE)PROTOCOL as protocol,
					(HIDE)FILENAME as filename,
					(HIDE)FILEPATH as filepath,
					(HIDE)FILETYPE as filetype,
					(HIDE)SERVER as server,
					(HIDE)S_IP as s_ip,
					(HIDE)PORT as nginx.1_0.reportfields.server_port,
					(HIDE)FAILUREREASON as failurereason,
					(HIDE)SSLCIPHER as sslcipher,
					(HIDE)SSLPROTOCOL as sslprotocol,
					(HIDE)BACKENDIP as nginx.1_0.reportfields.upstream_ip_address,
					(HIDE)BACKENDPORT as nginx.1_0.reportfields.upstream_port,
					(HIDE)STATUS as nginx.1_0.reportfields.cache_status,
					(HIDE)UPSTREAM_RESPONSE_TIME as upstream_response_time,
					(HIDE)RECEIVED_BYTES_I as nginx.1_0.reportfields.bytes_received_from_upstream,
					(HIDE)BACKENDSTATUS as nginx.1_0.reportfields.upstream_status,
					(HIDE)ERRORCOUNT as errorcount">
                <summary-view name="its.view.top.c_ip" desc="its.view.top.c_ips" order="1">
                    <row field="CLIENTIP as clientip" sort="count_top" limit="-1" order="1"/>
                </summary-view>
                <summary-view name="its.report.Top_Status_Codes" desc="Top Status Codes" order="2">
                    <row field="HTTPSTATUS as httpstatus" sort="count_top" limit="-1" order="1"/>
                </summary-view>
            </report>

            <report id="18" name="its.report.Client_Error_Reports" desc="Client Error Reports" unique_key="Nginx_Client_Error_Reports" type="normal" isAlert="true" order="4"
                    criteria="(HOSTTYPE = 'Nginx') and (HTTPSTATUS &lt; '500') and (HTTPSTATUS > '399')"
                    tablefields="TIME as time,
					HOSTID as hostid,
					CLIENTIP as clientip,
					HTTPMETHOD as httpmethod,
					(HIDE)REFERRER as referrer,
					VIRTUALSERVER as virtualserver,
					REDIRECT_URI as redirect_uri,
					SENT_BYTES_I as sent_bytes_i,
					HTTPSTATUS as httpstatus,
					REQUEST_PROCESSING_TIME as request_processing_time,
                    FAILUREREASON as failurereason,
					(HIDE)USERAGENT as useragent,
					(HIDE)SEVERITY as severity,
					(HIDE)CLIENTPORT as clientport,
					(HIDE)FUNCTIONNAME as functionname,
					(HIDE)FILE_TRANSFER as file_transfer,
					(HIDE)SOURCEHOST as nginx.1_0.reportfields.sourcehost,
					(HIDE)USERNAME as username,
					(HIDE)HOSTNAME as hostname,
					(HIDE)MESSAGE as message,
					(HIDE)DESTINATION_HOST as nginx.1_0.reportfields.proxy_host_name,
					(HIDE)DEST_PORT_I as nginx.1_0.reportfields.proxy_port,
					(HIDE)HTTP_X_FORWARDED_FOR as http_x_forwarded_for,
					(HIDE)COOKIE as cookie,
					(HIDE)CONTENT_TYPE as content_type,
					(HIDE)ORIGINALCLIENTIP as originalclientip,
					(HIDE)CONNECTION as connection,
					(HIDE)CONNECT_URI as connect_uri,
					(HIDE)PROTOCOL as protocol,
					(HIDE)FILENAME as filename,
					(HIDE)FILEPATH as filepath,
					(HIDE)FILETYPE as filetype,
					(HIDE)SERVER as server,
					(HIDE)S_IP as s_ip,
					(HIDE)PORT as nginx.1_0.reportfields.server_port,
					(HIDE)SENT_BYTES_I as sent_bytes_i,
					(HIDE)REQUEST_PROCESSING_TIME as request_processing_time,
					(HIDE)SSLCIPHER as sslcipher,
					(HIDE)SSLPROTOCOL as sslprotocol,
					(HIDE)BACKENDIP as nginx.1_0.reportfields.upstream_ip_address,
					(HIDE)BACKENDPORT as nginx.1_0.reportfields.upstream_port,
					(HIDE)STATUS as nginx.1_0.reportfields.cache_status,
					(HIDE)UPSTREAM_RESPONSE_TIME as upstream_response_time,
					(HIDE)RECEIVED_BYTES_I as nginx.1_0.reportfields.bytes_received_from_upstream,
					(HIDE)BACKENDSTATUS as nginx.1_0.reportfields.upstream_status,
					(HIDE)ERRORCOUNT as errorcount">
                <summary-view name="its.view.top.c_ip" desc="its.view.top.c_ips" order="1">
                    <row field="CLIENTIP as clientip" sort="count_top" limit="-1" order="1"/>
                </summary-view>
                <summary-view name="its.report.Top_Status_Codes" desc="Top Status Codes" order="2">
                    <row field="HTTPSTATUS as httpstatus" sort="count_top" limit="-1" order="1"/>
                </summary-view>
            </report>

            <report id="19" name="its.report.Server_Error_Reports" desc="Server Error Reports" unique_key="Nginx_Server_Error_Reports" type="normal" isAlert="true" order="5"
                    criteria="(HOSTTYPE = 'Nginx') and (HTTPSTATUS &lt; '600') and (HTTPSTATUS > '499')"
                    tablefields="TIME as time,
					HOSTID as hostid,
					CLIENTIP as clientip,
					HTTPMETHOD as httpmethod,
					(HIDE)REFERRER as referrer,
					VIRTUALSERVER as virtualserver,
					REDIRECT_URI as redirect_uri,
					SENT_BYTES_I as sent_bytes_i,
					HTTPSTATUS as httpstatus,
					REQUEST_PROCESSING_TIME as request_processing_time,
                    FAILUREREASON as failurereason,
					(HIDE)USERAGENT as useragent,
					(HIDE)SEVERITY as severity,
					(HIDE)CLIENTPORT as clientport,
					(HIDE)FUNCTIONNAME as functionname,
					(HIDE)FILE_TRANSFER as file_transfer,
					(HIDE)SOURCEHOST as nginx.1_0.reportfields.sourcehost,
					(HIDE)USERNAME as username,
					(HIDE)HOSTNAME as hostname,
					(HIDE)MESSAGE as message,
					(HIDE)DESTINATION_HOST as nginx.1_0.reportfields.proxy_host_name,
					(HIDE)DEST_PORT_I as nginx.1_0.reportfields.proxy_port,
					(HIDE)HTTP_X_FORWARDED_FOR as http_x_forwarded_for,
					(HIDE)COOKIE as cookie,
					(HIDE)CONTENT_TYPE as content_type,
					(HIDE)ORIGINALCLIENTIP as originalclientip,
					(HIDE)CONNECTION as connection,
					(HIDE)CONNECT_URI as connect_uri,
					(HIDE)PROTOCOL as protocol,
					(HIDE)FILENAME as filename,
					(HIDE)FILEPATH as filepath,
					(HIDE)FILETYPE as filetype,
					(HIDE)SERVER as server,
					(HIDE)S_IP as s_ip,
					(HIDE)PORT as nginx.1_0.reportfields.server_port,
					(HIDE)SSLCIPHER as sslcipher,
					(HIDE)SSLPROTOCOL as sslprotocol,
					(HIDE)BACKENDIP as nginx.1_0.reportfields.upstream_ip_address,
					(HIDE)BACKENDPORT as nginx.1_0.reportfields.upstream_port,
					(HIDE)STATUS as nginx.1_0.reportfields.cache_status,
					(HIDE)UPSTREAM_RESPONSE_TIME as upstream_response_time,
					(HIDE)RECEIVED_BYTES_I as nginx.1_0.reportfields.bytes_received_from_upstream,
					(HIDE)BACKENDSTATUS as nginx.1_0.reportfields.upstream_status,
					(HIDE)ERRORCOUNT as errorcount">
                <summary-view name="its.view.top.c_ip" desc="its.view.top.c_ips" order="1">
                    <row field="CLIENTIP as clientip" sort="count_top" limit="-1" order="1"/>
                </summary-view>
                <summary-view name="its.report.Top_Status_Codes" desc="Top Status Codes" order="2">
                    <row field="HTTPSTATUS as httpstatus" sort="count_top" limit="-1" order="1"/>
                </summary-view>
            </report>

            <report id="20" name="its.report.Information_Reports" desc="Information Reports" unique_key="Nginx_Information_Reports" type="normal" isAlert="true" order="6"
                    criteria="(HOSTTYPE = 'Nginx') and (HTTPSTATUS &lt; '200')"
                    tablefields="TIME as time,
					HOSTID as hostid,
					CLIENTIP as clientip,
					HTTPMETHOD as httpmethod,
					REFERRER as referrer,
					VIRTUALSERVER as virtualserver,
					REDIRECT_URI as redirect_uri,
					SENT_BYTES_I as sent_bytes_i,
					HTTPSTATUS as httpstatus,
					REQUEST_PROCESSING_TIME as request_processing_time,
					(HIDE)USERAGENT as useragent,
					(HIDE)SEVERITY as severity,

					(HIDE)CLIENTPORT as clientport,
					(HIDE)FUNCTIONNAME as functionname,
					(HIDE)FILE_TRANSFER as file_transfer,
					(HIDE)SOURCEHOST as nginx.1_0.reportfields.sourcehost,
					(HIDE)USERNAME as username,
					(HIDE)HOSTNAME as hostname,
					(HIDE)MESSAGE as message,
					(HIDE)DESTINATION_HOST as nginx.1_0.reportfields.proxy_host_name,
					(HIDE)DEST_PORT_I as nginx.1_0.reportfields.proxy_port,
					(HIDE)HTTP_X_FORWARDED_FOR as http_x_forwarded_for,
					(HIDE)COOKIE as cookie,
					(HIDE)CONTENT_TYPE as content_type,
					(HIDE)ORIGINALCLIENTIP as originalclientip,
					(HIDE)CONNECTION as connection,
					(HIDE)CONNECT_URI as connect_uri,
					(HIDE)PROTOCOL as protocol,
					(HIDE)FILENAME as filename,
					(HIDE)FILEPATH as filepath,
					(HIDE)FILETYPE as filetype,
					(HIDE)SERVER as server,
					(HIDE)S_IP as s_ip,
					(HIDE)PORT as nginx.1_0.reportfields.server_port,
					(HIDE)FAILUREREASON as failurereason,
					(HIDE)SSLCIPHER as sslcipher,
					(HIDE)SSLPROTOCOL as sslprotocol,
					(HIDE)BACKENDIP as nginx.1_0.reportfields.upstream_ip_address,
					(HIDE)BACKENDPORT as nginx.1_0.reportfields.upstream_port,
					(HIDE)STATUS as nginx.1_0.reportfields.cache_status,
					(HIDE)UPSTREAM_RESPONSE_TIME as upstream_response_time,
					(HIDE)RECEIVED_BYTES_I as nginx.1_0.reportfields.bytes_received_from_upstream,
					(HIDE)BACKENDSTATUS as nginx.1_0.reportfields.upstream_status,
					(HIDE)ERRORCOUNT as errorcount">
                <summary-view name="its.view.top.c_ip" desc="its.view.top.c_ips" order="1">
                    <row field="CLIENTIP as clientip" sort="count_top" limit="-1" order="1"/>
                </summary-view>
                <summary-view name="its.report.Top_Status_Codes" desc="Top Status Codes" order="2">
                    <row field="HTTPSTATUS as httpstatus" sort="count_top" limit="-1" order="1"/>
                </summary-view>
            </report>
        </group>

        <group id="3" name="nginx.1_0.reportgroup.nginx_upstream_reports" desc="Nginx Upstream Reports" order="3">
            <report id="21" name="nginx.1_0.reportname.upstream_request_analysis" desc="Upstream Request Analysis" unique_key="Nginx_Upstream_Request_Analysis" type="normal" order="1"
                    criteria="(HOSTTYPE = 'Nginx') and (BACKENDIP isExist)"
                    tablefields="TIME as time,
					HOSTID as hostid,
					CLIENTIP as clientip,
					VIRTUALSERVER as virtualserver,
					REDIRECT_URI as redirect_uri,
					HTTPSTATUS as httpstatus,
                    BACKENDIP as nginx.1_0.reportfields.upstream_ip_address,
					UPSTREAM_RESPONSE_TIME as upstream_response_time,
					RECEIVED_BYTES_I as nginx.1_0.reportfields.bytes_received_from_upstream,
					BACKENDSTATUS as nginx.1_0.reportfields.upstream_status,
					(HIDE)REQUEST_PROCESSING_TIME as request_processing_time,
                    (HIDE)BACKENDPORT as nginx.1_0.reportfields.upstream_port,
					(HIDE)STATUS as nginx.1_0.reportfields.cache_status,
					(HIDE)HTTPMETHOD as httpmethod,
					(HIDE)REFERRER as referrer,
					(HIDE)SENT_BYTES_I as sent_bytes_i,
					(HIDE)USERAGENT as useragent,
					(HIDE)SEVERITY as severity,

					(HIDE)CLIENTPORT as clientport,
					(HIDE)FUNCTIONNAME as functionname,
					(HIDE)FILE_TRANSFER as file_transfer,
					(HIDE)SOURCEHOST as nginx.1_0.reportfields.sourcehost,
					(HIDE)USERNAME as username,
					(HIDE)HOSTNAME as hostname,
					(HIDE)MESSAGE as message,
					(HIDE)DESTINATION_HOST as nginx.1_0.reportfields.proxy_host_name,
					(HIDE)DEST_PORT_I as nginx.1_0.reportfields.proxy_port,
					(HIDE)HTTP_X_FORWARDED_FOR as http_x_forwarded_for,
					(HIDE)COOKIE as cookie,
					(HIDE)CONTENT_TYPE as content_type,
					(HIDE)ORIGINALCLIENTIP as originalclientip,
					(HIDE)CONNECTION as connection,
					(HIDE)CONNECT_URI as connect_uri,
					(HIDE)PROTOCOL as protocol,
					(HIDE)FILENAME as filename,
					(HIDE)FILEPATH as filepath,
					(HIDE)FILETYPE as filetype,
					(HIDE)SERVER as server,
					(HIDE)S_IP as s_ip,
					(HIDE)PORT as nginx.1_0.reportfields.server_port,
					(HIDE)FAILUREREASON as failurereason,
					(HIDE)SENT_BYTES_I as sent_bytes_i,
					(HIDE)REQUEST_PROCESSING_TIME as request_processing_time,
					(HIDE)SSLCIPHER as sslcipher,
					(HIDE)SSLPROTOCOL as sslprotocol,
					(HIDE)DESCRIPTION as description,
					(HIDE)ERRORCOUNT as errorcount">
                <summary-view name="nginx.1_0.view.top.upstream_servers" desc="Top Upstream Servers" order="1">
                    <row field="BACKENDIP as nginx.1_0.reportfields.upstream_ip_address" sort="count_top" limit="-1" order="1" />
                </summary-view>
                <summary-view name="its.view.top.VIRTUALSERVER" desc="Top Virtual Servers" order="1">
                    <row field="VIRTUALSERVER as virtualserver" sort="count_top" limit="-1" order="1"/>
                    <row field="BACKENDIP as nginx.1_0.reportfields.upstream_ip_address" sort="count_top" limit="-1" order="1"/>
                </summary-view>
            </report>
            <report id="22" name="nginx.1_0.reportname.upstream_redirection_reports" desc="Upstream Redirection Reports" unique_key="Nginx_Upstream_Redirection_Reports" type="normal" isAlert="true" order="2"
                    criteria="(HOSTTYPE = 'Nginx') and (DESCRIPTION contains 'upstream_addr')"
                    tablefields="TIME as time,
					HOSTID as hostid,
					CLIENTIP as clientip,
					VIRTUALSERVER as virtualserver,
					REDIRECT_URI as redirect_uri,
                    BACKENDIP as nginx.1_0.reportfields.upstream_ip_address,
					UPSTREAM_RESPONSE_TIME as upstream_response_time,
					RECEIVED_BYTES_I as nginx.1_0.reportfields.bytes_received_from_upstream,
					BACKENDSTATUS as nginx.1_0.reportfields.upstream_status,
                    DESCRIPTION as description,
                    (HIDE)HTTPSTATUS as httpstatus,
					(HIDE)REQUEST_PROCESSING_TIME as request_processing_time,
                    (HIDE)BACKENDPORT as nginx.1_0.reportfields.upstream_port,
					(HIDE)STATUS as nginx.1_0.reportfields.cache_status,
					(HIDE)HTTPMETHOD as httpmethod,
					(HIDE)REFERRER as referrer,
					(HIDE)SENT_BYTES_I as sent_bytes_i,
					(HIDE)USERAGENT as useragent,
					(HIDE)SEVERITY as severity,

					(HIDE)CLIENTPORT as clientport,
					(HIDE)FUNCTIONNAME as functionname,
					(HIDE)FILE_TRANSFER as file_transfer,
					(HIDE)SOURCEHOST as nginx.1_0.reportfields.sourcehost,
					(HIDE)USERNAME as username,
					(HIDE)HOSTNAME as hostname,
					(HIDE)MESSAGE as message,
					(HIDE)DESTINATION_HOST as nginx.1_0.reportfields.proxy_host_name,
					(HIDE)DEST_PORT_I as nginx.1_0.reportfields.proxy_port,
					(HIDE)HTTP_X_FORWARDED_FOR as http_x_forwarded_for,
					(HIDE)COOKIE as cookie,
					(HIDE)CONTENT_TYPE as content_type,
					(HIDE)ORIGINALCLIENTIP as originalclientip,
					(HIDE)CONNECTION as connection,
					(HIDE)CONNECT_URI as connect_uri,
					(HIDE)PROTOCOL as protocol,
					(HIDE)FILENAME as filename,
					(HIDE)FILEPATH as filepath,
					(HIDE)FILETYPE as filetype,
					(HIDE)SERVER as server,
					(HIDE)S_IP as s_ip,
					(HIDE)PORT as nginx.1_0.reportfields.server_port,
					(HIDE)FAILUREREASON as failurereason,
					(HIDE)SSLCIPHER as sslcipher,
					(HIDE)SSLPROTOCOL as sslprotocol,
					(HIDE)ERRORCOUNT as errorcount">

                <summary-view name="its.view.top.VIRTUALSERVER" desc="Top Virtual Servers" order="1">
                    <row field="VIRTUALSERVER as virtualserver" sort="count_top" limit="-1" order="1"/>
                </summary-view>
            </report>

            <report id="23" name="nginx.1_0.reportname.cache_efficiency_report" desc="Cache Efficiency Report" unique_key="Nginx_Cache_Efficiency_Report" type="normal" order="3"
                    criteria="(HOSTTYPE = 'Nginx') and (STATUS isExist)"
                    tablefields="TIME as time,
					HOSTID as hostid,
					CLIENTIP as clientip,
					VIRTUALSERVER as virtualserver,
					REDIRECT_URI as redirect_uri,
                    BACKENDIP as nginx.1_0.reportfields.upstream_ip_address,
					UPSTREAM_RESPONSE_TIME as upstream_response_time,
					RECEIVED_BYTES_I as nginx.1_0.reportfields.bytes_received_from_upstream,
					STATUS as nginx.1_0.reportfields.cache_status,
					HTTPSTATUS as httpstatus,
                    (HIDE)DESCRIPTION as description,
					(HIDE)REQUEST_PROCESSING_TIME as request_processing_time,
                    (HIDE)BACKENDPORT as nginx.1_0.reportfields.upstream_port,
					(HIDE)BACKENDSTATUS as nginx.1_0.reportfields.upstream_status,
					(HIDE)HTTPMETHOD as httpmethod,
					(HIDE)REFERRER as referrer,
					(HIDE)SENT_BYTES_I as sent_bytes_i,
					(HIDE)USERAGENT as useragent,
					(HIDE)SEVERITY as severity,

					(HIDE)CLIENTPORT as clientport,
					(HIDE)FUNCTIONNAME as functionname,
					(HIDE)FILE_TRANSFER as file_transfer,
					(HIDE)SOURCEHOST as nginx.1_0.reportfields.sourcehost,
					(HIDE)USERNAME as username,
					(HIDE)HOSTNAME as hostname,
					(HIDE)MESSAGE as message,
					(HIDE)DESTINATION_HOST as nginx.1_0.reportfields.proxy_host_name,
					(HIDE)DEST_PORT_I as nginx.1_0.reportfields.proxy_port,
					(HIDE)HTTP_X_FORWARDED_FOR as http_x_forwarded_for,
					(HIDE)COOKIE as cookie,
					(HIDE)CONTENT_TYPE as content_type,
					(HIDE)ORIGINALCLIENTIP as originalclientip,
					(HIDE)CONNECTION as connection,
					(HIDE)CONNECT_URI as connect_uri,
					(HIDE)PROTOCOL as protocol,
					(HIDE)FILENAME as filename,
					(HIDE)FILEPATH as filepath,
					(HIDE)FILETYPE as filetype,
					(HIDE)SERVER as server,
					(HIDE)S_IP as s_ip,
					(HIDE)PORT as nginx.1_0.reportfields.server_port,
					(HIDE)FAILUREREASON as failurereason,
					(HIDE)SENT_BYTES_I as sent_bytes_i,
					(HIDE)REQUEST_PROCESSING_TIME as request_processing_time,
					(HIDE)SSLCIPHER as sslcipher,
					(HIDE)SSLPROTOCOL as sslprotocol,
					(HIDE)ERRORCOUNT as errorcount">

                <summary-view name="nginx.1_0.view.top.normalized_uri" desc="Top Normalized URI" order="1">
                    <row field="REDIRECT_URI as redirect_uri" sort="count_top" limit="-1" order="1"/>
                    <row field="STATUS as nginx.1_0.reportfields.cache_status" sort="count_top" limit="-1" order="1"/>
                </summary-view>

                <summary-view name="its.view.top.VIRTUALSERVER" desc="Top Virtual Servers" order="2">
                    <row field="VIRTUALSERVER as virtualserver" sort="count_top" limit="-1" order="1"/>
                </summary-view>
            </report>
        </group>
    </category>

</reports>